Subject,Start Date,Start Time,End Date,End Time,Description,Location
Vibra rehearsal,1/14/2026,07:00 PM,1/14/2026,09:00 PM,"ROOM L2

The rehearsal room # at the Record Company for Wednesday Jan 14 is L2.
Good day everyone. 
I've scheduled the rehearsal with Sebastian for Jan 14  at 7 PM at the Record Co
960 Mass Ave
Boston. 
At least 2 hours and more if needed the day of. 
Thank you.","The Record Co.960 Massachusetts Ave, Boston, MA  02118, United States"
MG trio ,3/8/2026,12:00 PM,3/8/2026,03:00 PM,,"Larz Anderson Auto Museum
15 Newton St, Brookline, MA  02445, United States"
LEOM Benito’s Grill,6/25/2026,04:30 PM,6/25/2026,08:30 PM,,"Benito's Grill
14 Monument Square, Leominster, MA  01453, United States"
"GiG Hartford, CT",8/27/2026,12:00 PM,8/27/2026,01:00 PM,"Hi Brad! Inf. for the gig ago. 27.
""PARKVILLE SENIOR CENTER"" 11 NEW PARK AVE. HARTFORD, CT
We should be there by 12pm to start playing at 12:30pm until 1:45 ( an hour an a half) Same music we play the last time. Any question please call me.  HAPPY THANKSGIVING! RAY","11 New Park Ave
Hartford, CT, United States"
Trio Gig ,11/12/2025,05:30 PM,11/12/2025,08:30 PM,,"Granite Links
100 Quarry Hills Dr, Quincy, MA  02169, United States"
Tescobar w/Javier Timbal,5/2/2026,07:00 PM,5/2/2026,11:00 PM,"Tescobar, Lowell, MA
Javier Franjul y su Orchestra",
Mark Greel invited you to “raffles in Boston”.,10/18/2025,06:30 PM,10/18/2025,10:30 PM,"reserved.
",
La Fabrica Trio,4/5/2026,02:00 PM,4/5/2026,05:00 PM,"Latin jazz, salsa, funk and pop
Trio with keyboard bass",
NEWP Calypso GIG,6/28/2026,11:30 AM,6/28/2026,03:30 PM,"Calypso and latin jazz quartet<br>The Lawn Terrace at Castle Hill Inn Newport, Rhode Island <br>11:30AM to 3:30PM<br><a href=""https://www.castlehillinn.com/dine/the-lawn-terrace/""><u>https://www.castlehillinn.com/dine/the-lawn-terrace/</u></a><br>Rick Andre, steel drums<br>Rick Costa, drums and percussion<br>Eduardo Ortiz, bass<br>Brad Smith, piano",
SCITU party gig ,8/22/2026,06:30 PM,8/22/2026,10:30 PM,Bill litwin.   ,"LOCATION Mullaney's Harborside Market 8 Allen Pl Scituate, MA, 02066"
CAPE Welcome Party duo,10/2/2026,07:00 PM,10/2/2026,10:00 PM,,"Chatham Bars Inn
297 Shore Rd, Chatham, MA  02633, United States"
Rehearse Rob salsa Holyoke ,11/25/2025,07:30 PM,11/25/2025,09:30 PM,,"143 High St
Holyoke, MA, United States"
Vibra Fitchburg ,7/3/2025,08:30 PM,7/3/2025,09:30 PM,,"249 Kimball St Fitchburg, MA"
Trio NEAQ,10/5/2026,07:00 PM,10/5/2026,10:00 PM,"Monday 10/5 at the Aquarium. They'll be in the tent in the back (obviously decibel levels we have to abide by for the animals' sake) but they're looking for some background music: classy but fun & they want lower volume so guests can chat. No speeches or remarks, just mingling.

Event is 400 guests on a flow
Times are 7:00-10:00pm
Guests will be high-end from legal; lawfirms, general counsels, etc.",
MARSH MG trio,9/14/2026,03:00 PM,9/14/2026,04:00 PM,,"Village At Proprietors Green, 10 Vlg Grn Wy, Marshfield, MA 02050, USA"
Tryst,7/10/2025,06:00 PM,7/10/2025,09:00 PM,,
NEWP Calypso GIG,7/19/2026,11:30 AM,7/19/2026,03:30 PM,"Calypso and latin jazz quartet<br>The Lawn Terrace at Castle Hill Inn Newport, Rhode Island <br>11:30AM to 3:30PM<br><a href=""https://www.castlehillinn.com/dine/the-lawn-terrace/""><u>https://www.castlehillinn.com/dine/the-lawn-terrace/</u></a><br>Rick Andre, steel drums<br>Rick Costa, drums and percussion<br>Eduardo Ortiz, bass<br>Brad Smith, piano",
Tryst restaurant ,9/25/2025,06:00 PM,9/25/2025,09:00 PM,,
BOST rehearsal Vibra,6/10/2026,05:00 PM,6/10/2026,08:00 PM,,"The Record Co., 960 Massachusetts Ave, Boston, MA 02118, USA"
MAINE Latin jazz quartet ,6/13/2026,05:00 PM,6/13/2026,09:00 PM,"<br>Looking forward to getting together boys, this should be a fun hit. It's half Latin music and then a sprinkling of easy older American standards and such which I'm putting a list together.<br>Only about 40 people at this gig is my understanding. Probably they might not even dance it's just more about the vibe etc. So should be pretty easy how about Sue jackets with open collar shirt or a vest with open collar shirt. Thanks.<br><br><br><b>2. Event Location &amp; Address:</b><b><br></b><br><b>Reception:   </b><b>Name of Event:</b>Ron Perry &amp; Carolina Wedding<br>White Barn Inn (Auberge Resorts Collection)<br>37 Beach Ave<br>Kennebunk, ME 04043<br>Website: <a href=""https://aubergeresorts.com/whitebarninn/"" target=""_blank"">https://<wbr />aubergeresorts.com/<wbr />whitebarninn/</a><br><b>Performance Location:</b><br>You will be performing at the White Barn Inn during cocktail hour and reception (outdoor deck area transitioning into the main dining space as needed).<br><b>3. Date &amp; Time Frame:</b><br>Saturday, June 13, 2026<br><br><b> Parking Information (IMPORTANT):</b><br>We will need parking for 4 cars.<br>• Valet parking will be available at the White Barn Inn.<br>• Please inform valet upon arrival that you are part of the band for the Perry/Ruiz wedding.<br>• Parking will be covered/validated through the event—no cost to you.<br><br>5-6pm - cocktailhour (trio)    Mark G,  Mark H. And ricardo (just a conga drum or Cajon and some hand percussion will be fine for this. We will be out on a deck somewhere<br>6-9.30pm - dinner reception  open parentheses the band portion will be inside the building.<br><div dir=""auto""><br><br>Warm regards,<br>Mark Greel<br><br>Dedicated to the very best in live music!<br>617-697-8424<br><a href=""http://www.markgreel.com/"" target=""_blank"">www.markgreel.com</a><br>Email: <a href=""mailto:bookings@markgreel.com"" target=""_blank"">bookings@markgreel.com</a>",Kennebunkport mn 
LaFabrica-VibraTropicale,2/7/2026,08:00 PM,2/7/2026,11:00 PM,,
Barrio Jazz -rehearsal ,3/17/2026,06:00 PM,3/17/2026,10:00 PM,"good afternoon gentlemen barrio jazz rehearsal 
497 high st Holyoke mass 01040 6 or 7pm 
","497 High St
Holyoke, MA, United States"
Tryst restaurant ,8/7/2025,06:00 PM,8/7/2025,09:00 PM,"Jazz and Latin duo Brad Smith, piano/bass and Dan Fox, drums/percussion",
Museum Of Science rebooking MGH ,10/17/2025,06:30 PM,10/17/2025,10:30 PM,"
Calendar
FRI
17
Museum Of Science rebooking MGH
Friday, October 17, 2025
6:30 PM - 10:30 PM (EDT)
 Accept
  Decline
  Maybe
 
Notes (Updated)
Jill
Teri confirmed
Paid in full

t year.
Set-up on upper level & have your band play during cocktail hour
Set-up on lower level & have your band play during dinner reception
If you are willing again, we would like to use your microphone to announce the awards that will be handed out to the doctors that evening. Would this be ok?
URL
message:%3CCO6PR04MB7809F7358464E88A9B500D20A6182@CO6PR04MB7809.namprd04.prod.outlook.com%3E
Participants
Mark Greel (Organizer)
Smith Brad (You)
Belotti Teri
View Details and Replies
This invitation is specific to you and should not be shared with other users.
Apple Account | Support | Privacy Policy
Copyright © 2025 Apple Inc. One Apple Park Way, Cupertino, CA 95014 USA. All rights reserved.
",
Astrubal Salsa,4/4/2026,09:00 PM,4/4/2026,10:00 PM,,"El Malecon
170 Union St, Ste A, Lynn, MA  01901, United States"
FITCH Vibra,7/3/2026,08:30 PM,7/3/2026,09:30 PM,,"249 Kimball St Fitchburg, MA"
Javier Salsa rehearsal,4/4/2026,06:00 PM,4/4/2026,07:00 PM,,"41 Park St
Lawrence, MA, United States"
Vibra @ LaFabrica,4/11/2026,08:00 PM,4/11/2026,11:00 PM,"Vibra Tropicale at: 

La Fabrica Central
450 Massachusetts Ave, Cambridge, MA 02139, USA

10pc band Salsa show","La Fabrica Central Restaurant, 450 Massachusetts Ave, Cambridge, MA 02139, USA"
NEWP Calypso GIG,7/5/2026,11:30 AM,7/5/2026,03:30 PM,"<br>Calypso and latin jazz quartet<br>The Lawn Terrace at Castle Hill Inn Newport, Rhode Island <br>11:30AM to 3:30PM<br><a href=""https://www.castlehillinn.com/dine/the-lawn-terrace/""><u>https://www.castlehillinn.com/dine/the-lawn-terrace/</u></a><br>Rick Andre, steel drums<br>Rick Costa, drums and percussion<br>Eduardo Ortiz, bass<br>Brad Smith, piano",
5pc.  Jazz etc older crowd.  ,10/24/2025,06:00 PM,10/24/2025,10:00 PM,"Here’s some info for Friday

Suit, and tie, please.

So the gig at the FOUR SEASONS, which is right there near Boston common, a little bit of a pain in the ass, but know the routine well. You pull to the side of the hotel and you’ll see one of these like security gates and you pull up to that and usually they just open it or you just go up to the window. Tell the guy you’re there for The Music. Then you go down that ramp immediately to the left is the loading dock you can pull your car right there unload your stuff and then usually once I take my stuff up to the ballroom on the second floor, and I just walked down to the front of the hotel until the valley guys my car is at the loading dock and give them the keys. Parking will be provided., If not, they’ll just ask you to pull your car back up to the valet, but that almost never happens.
When you get off the elevator from the loading dock, second floor, there’s kind of a back hallway, pretty obvious. Will you stuff down there till you get to the ballroom.
Will probably be there about the same time anyway anyways I can walk you through it.","Four Seasons Hotel
200 Boylston St"
Vibra van rehearsal,1/30/2026,06:00 PM,1/30/2026,08:00 PM,"Join with Google Meet: https://meet.google.com/rks-otfe-jea

Learn more about Meet at: https://support.google.com/a/users/answer/9282720",https://maps.apple/p/sbVHumjUttXAIz
Pending MG gig,10/3/2026,06:00 PM,10/3/2026,07:00 PM,,
"Tito Puente, Jr w/Javier Timbal",8/16/2026,06:00 PM,8/16/2026,09:30 PM,"<a href=""https://www.somosboricuas.org/"">https://www.somosboricuas.org/</a>","Worcester Common, Worcester, MA 01608, USA"
MG-trio with Teri Cotr,7/23/2025,03:00 PM,7/23/2025,08:00 PM,"Hey guys, here’s some additional info for our little restaurant gig coming up on the 23rd. Looking forward to it.

Benito's Grill
ROOM:
ADDRESS: 14 Monument Sq
Leominster, MA 01453
Parking is in the lot right behind 14 monument sq. The restaurant has typical handicapped access so they can roll in the keyboard through the front
TRIO -- 3:00 PM - 8:00 PM with breaks - exact times 
Background music will be played during breaks
Musicians will perform on patio, weather permitting and will move inside if needed.
Sound will be provided. I’m of course gonna bring my own speakers as I always do, I recommend the same for you Brad then just let them take a line out of your speakers.

Hey guys, well I think of it, let’s just wear like fun, cool summer outfits Brad and I wear pants and some kind of summer-ie  beach shirt looking thing :-) Teri work your  magic.
","Benito's Grill
14 Monument Square, Leominster, MA  01453, United States"
"rehearse w/ Jesus Pagan, Ludlow, MA",8/11/2025,07:00 PM,8/11/2025,11:00 PM,,
Pending MG gig,10/21/2026,12:00 AM,10/22/2026,12:00 AM,,
CAMB Vibra @ LaFabrica,6/20/2026,07:00 PM,6/20/2026,11:00 PM,"Vibra Tropicale at: 

La Fabrica Central
450 Massachusetts Ave, Cambridge, MA 02139, USA

10pc band Salsa show featuring various singers","La Fabrica Central Restaurant, 450 Massachusetts Ave, Cambridge, MA 02139, USA"
Teri ,4/11/2026,02:00 PM,4/11/2026,03:30 PM,,"7 Park St
Winchester, MA, United States"
BURL Eddie V’s ,6/9/2026,06:00 PM,6/9/2026,09:00 PM,,"Eddie V's Prime Seafood
50 South Ave, Burlington, MA  01803, United States"
Cohassett Latin Jazz,6/20/2026,01:30 PM,6/20/2026,03:00 PM,"Hey boys, here’s the info for this little Saturday outdoor gig this weekend from the Dude Santiago.

Hi Mark,
So far it looks like the weather on Saturday is going to be very nice.

Start time is approx.1:30pm. Robert would like us there around 12:30pm. It's possible we might start before 1:30pm There's a big band that's on before us, so it might be a little busy as far as parking and unloading. 

You already know that you need to bring you amps, etc. and they provide the sound system. 

I've been to this festival a couple of times. I haven't been given a definite address but it's in Cohasset Town Common. The best way to access the stage area is by using Highland Avenue near the intersection with Dairy Lane. I've included a link of the map below:
https://maps.app.goo.gl/bBRG79mvcCqfr61WA

 More to come.
-Santiago",
"Jesus Pagan, Ludlow, MA",8/2/2025,04:00 PM,8/2/2025,06:30 PM,"4-6pm concert Ludlow, MA

by there for 345pm setup sound
5pm show


Hi all , Good morning, 

Details for Saturday

Address:
11 East St. Ludlow Ma. 
Parking lot near the Gazebo
Dress code:
Yellow Polo shirt we supplied at rehearsal with Black Pants, Black shoes please I said shoes not sneakers ( NO SHORTS ) 

Timbalon, Tim, Luis & Pablo 
We have your shirts 

To all make sure you bring an extra shirt so you can return polos after the show 

Set List:

1- Intro: En Puertorro Se Goza Mas into: La Rumba Se Pone Buena ( we play entire song and connect on coda to Ritmo Sabroso also we play all )

2- Casi Siempre 
3- Aguajera
4- Dia de Boda 
5- Temes
6- Esta Carta
7- I Like It Like That 
8- Pronostico
9- Magnamcumlaude 
10 - Tengo Que Regresar 
11- Salsa De La Mata 

Please be there by 4pm to set up and sound check thank you see you there","11 East St
Ludlow, MA, United States"
Benito’s ,8/16/2025,04:30 PM,8/16/2025,08:30 PM,Teri confirmed ,
Jazz quartet gig,7/16/2025,05:00 PM,7/16/2025,07:30 PM,"Brad, details follow here. 

- It’s Chris’ gig
- Location: 35 Webster St, Newton, MA 02465, the Nathaniel Topliff Allen House 
- 515p-730p
- Indoors, private function, dress nice
- Background music
- Steinway on site","Newton,MA"
JP rehearsal,1/17/2026,03:30 PM,1/17/2026,06:00 PM,"Ok guys the date of gig will be Saturday January 17, We will do a rehearsal before the gig. Gig is in Holyoke Wyckoff Country Club, Ill get you exact address, We hit at 7pm 2 sets of one hour each, Rehearsal will take place at my house like always same day of gig earlier in the afternoon I would say be at my house by 3:30pm so we can be done by 6pm the latest, From my house to the gig, I have to supply my own sound so the earliest we done with rehearsal the better it is so I can go set up equipment. 

Dress code for gig any solid colors long sleeve bottoms up shirt with black pants if possible no jeans also black shoes 

I will select the music today and send out set list. 

Please read complete text to avoid missing information, Any questions call me 🤙",
NEWP Calypso GIG,6/21/2026,11:30 AM,6/21/2026,03:30 PM,"<br>Calypso and latin jazz quartet<br>The Lawn Terrace at Castle Hill Inn Newport, Rhode Island <br>11:30AM to 3:30PM<br><a href=""https://www.castlehillinn.com/dine/the-lawn-terrace/"">https://www.castlehillinn.com/dine/the-lawn-terrace/</a><br>Rick Andre, steel drums<br>Rick Costa, drums and percussion<br>Eduardo Ortiz, bass<br>Brad Smith, piano",
HING Trio corporate.  ,9/18/2026,05:00 PM,9/18/2026,09:00 PM,,"Worlds End Reservation
150 Martins Ln, Hingham, MA  02043, United States"
ARL Tryst DUO,8/27/2026,06:00 PM,8/27/2026,09:00 PM,,"Tryst
689 Massachusetts Ave, Arlington, MA  02476, United States"
Barrio Jazz -Wyckoff lounge ,3/20/2026,06:00 PM,3/20/2026,09:00 PM,,"233 Easthampton Rd
Holyoke, MA, United States"
BEDF MG gig,7/11/2026,03:00 PM,7/11/2026,07:00 PM,,
Newport 4th Parade,7/4/2026,09:00 AM,7/4/2026,11:30 AM,"Parade salsa with Carlos Deleon, Rick Andre, and others<br><br><br><br><a href=""https://lh6.googleusercontent.com/O5ljlwpQ3RYhpnw6BXFlMgU2o3zTx2NdU_PPx-Ll6HpOH0kirICtPq8q4MdrXRhuxRPiM7noxVGKWIY2QFAkCfHOXXeqKlY8OW0Xgrjr0hK6PovTauQMqi_sQyD7FlU4EA=w1280"">https://lh6.googleusercontent.com/O5ljlwpQ3RYhpnw6BXFlMgU2o3zTx2NdU_PPx-Ll6HpOH0kirICtPq8q4MdrXRhuxRPiM7noxVGKWIY2QFAkCfHOXXeqKlY8OW0Xgrjr0hK6PovTauQMqi_sQyD7FlU4EA=w1280</a>","50 Arnold Mills Rd, Cumberland, RI 02864"
Rehearse w/Mark Greel,8/12/2025,11:30 AM,8/12/2025,01:00 PM,"
","28 Higgins St
Arlington, MA, United States"
LaFabrica-VibraTropicale,1/31/2026,08:00 PM,1/31/2026,11:00 PM,,
LaFabrica-VibraTropicale,3/28/2026,08:00 PM,3/28/2026,11:00 PM,,
Vibra@LaFabrica,11/8/2025,08:00 PM,11/8/2025,11:00 PM,"
Vibra Tropicale at: 

La Fabrica Central
450 Massachusetts Ave, Cambridge, MA 02139, USA

10pc band Salsa show featuring Rafa Moreno and Vibra Tropicale","La Fabrica Central Restaurant, 450 Massachusetts Ave, Cambridge, MA 02139, USA"
Java Room duo,7/26/2025,11:00 AM,7/26/2025,01:00 PM,,"The Java Room
14 Littleton Rd, Chelmsford, MA  01824, United States"
Vibra@LaFabrica,12/5/2025,08:00 PM,12/5/2025,11:00 PM,"
Vibra Tropicale at: 

La Fabrica Central
450 Massachusetts Ave, Cambridge, MA 02139, USA

10pc band Salsa show featuring Rafa Moreno and Vibra Tropicale","La Fabrica Central Restaurant, 450 Massachusetts Ave, Cambridge, MA 02139, USA"
Tryst restaurant ,2/19/2026,06:00 PM,2/19/2026,09:00 PM,"Jazz and Latin duo Brad Smith, piano/bass and Dan Fox, drums/percussion",
Sambita trio Quigley/Smolens Welcome Party,10/3/2025,07:00 PM,10/3/2025,10:00 PM,"I have Emma Quigley and Jeff Smolens having their welcome party at Weekapaug Inn on 10/3/2025 that are interested in having your spanish guitar band play for their event. 
$400 each 
Thank you so much and I look forward to hearing from you!
","Weekapaug Inn 25 Spray Rock Rd, Westerly, RI  02891, United States"
Luis Morales gig ,12/12/2025,08:00 PM,12/12/2025,11:00 PM,,"233 Easthampton Rd
Holyoke, MA, United States"
TRIO Rick Costa Cape Cod,9/6/2026,05:00 PM,9/6/2026,08:00 PM,,"Chatham Bars Inn, 297 Shore Rd, Chatham, MA 02633, USA"
MG-wedding,11/1/2025,11:15 AM,11/1/2025,03:00 PM,"day time gig
November 1 gig is a solid definite. Just got off a pretty long conference call with the bride and groom. They're super nice. It's gonna be about 11:15 AM till about 3 PM Ish.",
JesusPagan small group Salsa at Wyckoff,1/17/2026,07:00 PM,1/17/2026,10:00 PM,,
4 seasons  4pc. ,5/18/2026,06:30 PM,5/18/2026,09:30 PM,"We have an upcoming VIP Welcome Reception 
Elizabeth Lauer
Event Date: Monday, May 18, 2026
Event Type: Corporate Event
Start Time: 6:30 PM
End Time: 9:30 PM
Event Location: Four Seasons Hotel - Boston Boylston St
200 Boylston Street
Boston, MA 02116",
Tryst restaurant ,3/12/2026,06:00 PM,3/12/2026,09:00 PM,"Jazz and Latin duo Brad Smith, piano/bass and Dan Fox, drums/percussion",
Luis Morales rehearse ,11/25/2025,05:00 PM,11/25/2025,07:00 PM,,"143 High St
Holyoke, MA, United States"
MG duo Falmouth,8/22/2025,04:00 PM,8/22/2025,07:00 PM,"4 PM to 7 PM. 
the Seacrest in Falmouth out on the deck.",
Vibra@LaFabrica,12/20/2025,08:00 PM,12/20/2025,11:00 PM,"
Vibra Tropicale at: 

La Fabrica Central
450 Massachusetts Ave, Cambridge, MA 02139, USA

10pc band Salsa show featuring Rafa Moreno and Vibra Tropicale","La Fabrica Central Restaurant, 450 Massachusetts Ave, Cambridge, MA 02139, USA"
Tryst restaurant ,1/29/2026,06:00 PM,1/29/2026,09:00 PM,"Jazz and Latin duo Brad Smith, piano/bass and Dan Fox, drums/percussion",
Rehearse JeausPagan,7/1/2025,07:00 PM,7/1/2025,11:00 PM,,"Jesus Pagan’s Home
10 Laroche St
Ludlow MA 01056
United States"
"Trio - Winthrop, MA",7/17/2025,07:00 PM,7/17/2025,09:00 PM,,
Rehearsal Vibra,5/19/2026,06:00 PM,5/19/2026,08:00 PM,"The rehearsal is tomorrow March 23 6-8 PM at the Berklee Allston rehearsal building.
25 Fordham Rd, Allston.
Room # 169",
Rehearse w/Luis Morales,5/12/2026,05:00 PM,5/12/2026,07:00 PM,,"Mambo's Cafe & Nightclub
497 High St, Holyoke, MA  01040, United States"
rehearse w/Hizpanika,5/12/2026,08:00 PM,5/12/2026,11:00 PM,,"1172 East St., Ludlow, MA"
Ernesto Lugo,7/31/2025,06:00 PM,7/31/2025,08:00 PM,,"22 Page St, Malden, MA 02148, USA"
Vibra@LaFabrica,7/25/2025,08:00 PM,7/25/2025,11:00 PM,,"La Fabrica Central Restaurant, 450 Massachusetts Ave, Cambridge, MA 02139, USA"
Sambita Latin gig w some american music ,5/9/2026,05:00 PM,5/9/2026,10:00 PM,"Guests 250. 
Cktl.  Outside sculpture terrace.  
5-6.  Trio GTR , Bass Percusion
8-10.  Band. 




","deCordova Sculpture Park and Museum
51 Sandy Pond Rd, Lincoln, MA 01773, United States"
MG brunch gig,5/3/2026,10:30 AM,5/3/2026,01:30 PM,,"Goodnight Johnny’s
154 Cambridge St, Burlington, MA  01803, United States"
Mike bd party trio ,10/10/2025,07:00 PM,10/10/2025,09:00 PM,,"Craft Food Halls - Revolution Hall
3 Maguire Rd, Lexington, MA  02421, United States"
rehearse w/Hizpanika,7/7/2026,07:00 PM,7/7/2026,10:00 PM,,"40 East St, Ludlow, MA"
Jesus Pagan LaFabrica,8/28/2026,08:00 PM,8/28/2026,11:00 PM,,"Cambridge
United States"
"HOME w/Jud, no gigs",9/11/2026,12:00 AM,9/14/2026,12:00 AM,,
"Vibra@ Kittery, ME Dance Hall",10/25/2025,04:30 PM,10/25/2025,09:00 PM,,"12 Walker St. Kittery, Me"
"Trio: Newport, RI (private event)",2/4/2026,05:30 PM,2/4/2026,09:00 PM," Event Type: Corporate Event
Event Start Time: 5:30 PM
Event End Time: 9:00 PM

casino night kind of vibe
 and they want us to do some 
O roaring 20s in early 30s stuff in addition to some other things. 
wear a white shirt, skinny, black tie and black suit jacket or a black vest if you have it either one is fine. 
","Newport, RI 02840"
newport gig rick costa,7/4/2026,06:00 PM,7/4/2026,09:00 PM,,"20 commercial wharf Newport, RI "
Tito Puente Jr,2/21/2026,04:30 PM,2/21/2026,10:30 PM,"good afternoon everyone for Saturday February 21st at Wyckoff country club with tito puente jr 
430pm Load 
5pm sound check 
Salsa dancing lessons 7pm 
titos on at 9pm beverages and food for the band 
","233 Easthampton Rd
Holyoke, MA, United States"
Sambita trio ,5/16/2026,08:00 PM,5/16/2026,11:00 PM,"Somerville 

Some dancing.  



Salsa 

7-  -9 
Bd pty 


",Somerville
CAMB Vibra@LaFabrica,7/18/2026,08:00 PM,7/18/2026,11:00 PM,"
Vibra Tropicale at: 

La Fabrica Central
450 Massachusetts Ave, Cambridge, MA 02139, USA

10pc band Salsa show featuring Rafa Moreno and Vibra Tropicale","La Fabrica Central Restaurant, 450 Massachusetts Ave, Cambridge, MA 02139, USA"
Vibra@LaFabrica,9/6/2025,08:00 PM,9/6/2025,11:00 PM,"
Vibra Tropicale at: 

La Fabrica Central
450 Massachusetts Ave, Cambridge, MA 02139, USA

10pc band Salsa show featuring Rafa Moreno and Vibra Tropicale","La Fabrica Central Restaurant, 450 Massachusetts Ave, Cambridge, MA 02139, USA"
"Tito Puente Jr. Albany, NY",9/26/2025,04:00 PM,9/26/2025,09:15 PM,"3pm – Crew Call

4:30pm – Band loadin

5pm – Sound Check

6pm – Dinner 

6:30pm – Doors

7:30pm – show 2 x 45 min sets, 20 min intermission

9:30pm – EOS



<br><h1>Cohoes Music Hall</h1><br><br><br><br>Cohoes Music Hall <br><br><ul><li><a href=""https://maps.google.com/maps?q=loc:58%20Remsen%20St,%20Cohoes,%20NY%2012047"" target=""_blank""> 58 Remsen St</a></li><li><a href=""https://maps.google.com/maps?q=loc:58%20Remsen%20St,%20Cohoes,%20NY%2012047"" target=""_blank"">Cohoes, NY 12047</a></li></ul>","58 Remsen St, Cohoes, NY 12047, USA"
HART Ray Gonzalez,7/1/2026,05:00 PM,7/1/2026,08:00 PM,"Place: ""THE BUSHNELL CENTER FOR THE PERFORMING ARTS"" 166 CAPITOL AVE. HARTFORD CT (We are playing in the courtyard)
4:30PM Sound check. Star playing at 5:30. Thank you!",166 CAPITOL AVE. HARTFORD CT
Jesus Pagan LaFabrica,7/31/2026,09:30 PM,7/31/2026,11:55 PM,,"Cambridge
United States"
LEOM Benito’s Grill,9/2/2026,04:30 PM,9/2/2026,08:30 PM,,
CAMB Museum Of Science MG-band,9/25/2026,06:30 PM,9/25/2026,10:30 PM,"Our venue starts at 6:30p
Please see attached line up - - same as last year. Cocktail reception first and will be upstairs main level of the Blue Wing at Museum of Science (like last year)
Will you have a wireless microphone upstairs while playing music during the cocktail reception that we can use to help corral everyone downstairs for dinner??
Then we’ll have your set up downstairs ready to play for our dinner reception.
Around 8:45-9p – we’ll do awards and, thank you would love to be able to use your microphone for that as well.

Set-up on upper level & have your band play during cocktail hour
Set-up on lower level & have your band play during dinner reception",
Vibra @ LaFabrica,8/8/2025,08:00 PM,8/8/2025,11:00 PM,"Vibra Tropicale at: 

La Fabrica Central
450 Massachusetts Ave, Cambridge, MA 02139, USA

10pc band Salsa show featuring Rafa Moreno and Vibra Tropicale",
Lowell Puerto Rican Festival Javier,8/9/2026,05:00 PM,8/9/2026,06:00 PM,,"50 Arcand Dr
Lowell, MA, United States"
Boston psychoanalytic event,9/27/2025,12:00 PM,9/27/2025,02:00 PM,"- 12-2p 9/27

- 141 Herrick Rd, Newton, MA 02459

- We start when an Art Show ends in another part of the building. We’ll play Great American Songbook, jazz/latin standards, etc. Brad we can add some of your pop arrangements.

- They have 2 members who play cello or violin (cellist is with the BSO). They may want to “sit in”; we have no idea if these guys can play improvised music or can swing. We’ll assume they don’t, and we’ll pick a couple of tunes they can sight-read (e.g. “Alice In Wonderland”, etc. that will sound good with arco) and we’ll provide the framework, improvise, etc.

- We may not be playing the entire 2hrs: the host may want us to stop while they make some toasts. If we do play straight through we’ll take a 10-min break.

- Parking spots for us are reserved. I’ll Venmo you both after.

- Dress “nice”: black shirts/trowsers/shoes. Coat and/or tie are not required but are optional.

More details as we get closer to the gig.",
BOST House Of Blues,9/26/2026,06:00 PM,9/26/2026,09:30 PM,"Client Name: Tamsin Degges
Event Date: Saturday, September 26, 2026
Event Type: Corporate Event
Start Time: 6:00 PM
End Time: 9:00 PM

Event Location: House of Blues
15 Landsdowne St.
Boston, MA 02215
Room: Music Hall

Join with Google Meet: https://meet.google.com/kyv-ycmg-gpn
Or dial: (US) +1 707-640-1142 PIN: 908053339#
More phone numbers: https://tel.meet/kyv-ycmg-gpn?pin=7167831315190&hs=7

Learn more about Meet at: https://support.google.com/a/users/answer/9282720","Citizens House of Blues Boston, 15 Lansdowne St, Boston, MA 02215, USA"
LEOM Benito’s Grill,8/19/2026,04:30 PM,8/19/2026,08:30 PM,,
Mg rehearsal Arlington ,2/11/2026,12:00 PM,2/11/2026,01:00 PM,,
NEWP Calypso GIG,7/12/2026,11:30 AM,7/12/2026,03:30 PM,"<br>Calypso and latin jazz quartet<br>The Lawn Terrace at Castle Hill Inn Newport, Rhode Island <br>11:30AM to 3:30PM<br><a href=""https://www.castlehillinn.com/dine/the-lawn-terrace/""><u>https://www.castlehillinn.com/dine/the-lawn-terrace/</u></a><br>Rick Andre, steel drums<br>Rick Costa, drums and percussion<br>Eduardo Ortiz, bass<br>Brad Smith, piano",
Vibra@LaFabrica,11/22/2025,08:00 PM,11/22/2025,11:00 PM,"
Vibra Tropicale at: 

La Fabrica Central
450 Massachusetts Ave, Cambridge, MA 02139, USA

10pc band Salsa show featuring Rafa Moreno and Vibra Tropicale","La Fabrica Central Restaurant, 450 Massachusetts Ave, Cambridge, MA 02139, USA"
"- MG trio Newport, RI",5/29/2026,08:00 PM,5/29/2026,10:00 PM,"I have McKenzie Koch and Taylor Casey having their welcome party at THOF on 5/29/2026 that I wanted to see if you were available for our usually 3-4 person fun jazzy band?

Event times: 8:00 PM - 10:00 PM ","International Tennis Hall of Fame
194 Bellevue Ave, Newport, RI 02840, United States"
Debra Vinci ,8/9/2025,04:30 PM,8/9/2025,08:00 PM,,"6 Ships Bell Rd, Gloucester, MA"
Dan Fox ,12/6/2025,06:00 PM,12/6/2025,10:00 PM,,"THE BARN AT GIBBET HILL, 61 LOWELL ROAD, STE. A, GROTON, MA 01450"
MG-gig,9/22/2025,03:00 PM,9/22/2025,04:00 PM,"https://maps.app.goo.gl/pP3sGJE15tR9jxCK6?g_st=i&utm_campaign=ac-im

+1 (617) 697-8424:
    You just walk right in through the front door they’ll be a woman at the front desk and just go to the left of the front desk and then take a quick right you’ll see there’s a room right there. There’s a piano in there but we never use it. Just casual dress. Simple set up. One hour super easy. We’ll have some fun though. always a lot of laughs and these people are absolutely super cute. You’ll probably be pretty touched by how much they love the music. OK have I sold it enough :-)

Brad Smith:
    Great!","10 Vlg Grn Wy, Marshfield, MA 02050"
Rehearsal Vibra,3/23/2026,06:00 PM,3/23/2026,08:00 PM,"The rehearsal is tomorrow March 23 6-8 PM at the Berklee Allston rehearsal building.
25 Fordham Rd, Allston.
Room # 169","Berklee College Of Music
25 Fordham Rd, Allston, MA  02134, United States"
Vibra rehearsal,2/9/2026,07:00 PM,2/9/2026,09:00 PM,"Rehearsal is at 7 PM at 25 Fordham Rd
Allston, MA 
Rm 169","25 Fordham Rd Allston, MA"
Bobby Greel’s wedding,9/13/2025,04:30 PM,9/13/2025,06:00 PM,,"Northwoods Rd #1, Mirror Lake, NH 03853"
SoloPiano-Winthrop MA,7/17/2025,12:00 PM,7/17/2025,02:00 PM,,
Jesus Pagan LaFabrica,2/14/2026,08:00 PM,2/14/2026,11:00 PM,,"Cambridge
United States"
"Jesus Pagan, rehearsal",7/29/2026,07:30 PM,7/29/2026,10:00 PM,"
","40 East St. Ludlow, MA"
Trio- row hotel 6-10 trio,1/15/2026,06:00 PM,1/15/2026,10:00 PM,Lisa ,
Barrio Jazz -Wyckoff lounge ,6/19/2026,06:00 PM,6/19/2026,09:00 PM,,"233 Easthampton Rd
Holyoke, MA, United States"
N.AND small wedding,9/5/2026,02:00 PM,9/5/2026,05:00 PM,"Spano
We would like to book the Mark Greel Jazz Ensemble for Sept 5, 2026. The cermony is at 3:00 but people are arriving @ 2:00 so if he could play background then it would be great. The cocktail hour is 3:30 – 4:30/5:00, so I figure if could be available between 2:00 – 5:00 that would work well.
The bride would like to come down the aisle to  “I can’t help falling in love with you” and would like him to sing the words to that one. Would that be possible?
Thank You,
Robin
",North Andover Residence
Java Room duo,1/31/2026,11:00 AM,1/31/2026,01:00 PM,,"The Java Room
14 Littleton Rd, Chelmsford, MA  01824, United States"
Jesus Pagan LaFabrica,3/7/2026,08:00 PM,3/7/2026,11:00 PM,,"Cambridge
United States"
Tryst restaurant ,10/9/2025,06:00 PM,10/9/2025,09:00 PM,"<br><br>Jazz and Latin TRIO<br>Mark Greel, guitar, trumpet, flute, vocal<br>Brad Smith, piano/bass<br>Dan Fox, drums/percussion<br><br><ol><br></ol>","Tryst
689 Massachusetts Ave, Arlington, MA  02476, United States"
LaFabrica-VibraTropicale,2/28/2026,08:00 PM,2/28/2026,11:00 PM,,
Eddie V’s Burlington ,2/18/2026,06:30 PM,2/18/2026,09:30 PM,,
Javier @ LaFabrica,7/25/2026,08:00 PM,7/25/2026,11:00 PM,,
Video shoot,11/9/2025,06:00 PM,11/9/2025,08:55 PM,,Morningside annex
Vibra van rehearsal,1/24/2026,12:00 PM,1/24/2026,02:00 PM,"Join with Google Meet: https://meet.google.com/rks-otfe-jea
Or dial: (US) +1 314-474-2611 PIN: 821038778#
More phone numbers: https://tel.meet/rks-otfe-jea?pin=5479458199274&hs=7

Learn more about Meet at: https://support.google.com/a/users/answer/9282720",https://maps.apple/p/sbVHumjUttXAIz
MG-gig,1/8/2026,04:00 PM,1/8/2026,08:00 PM,,"Granite Links
100 Quarry Hills Dr, Quincy, MA  02169, United States"
- Mullin/McConnell Welcome Party,6/18/2026,07:30 PM,6/18/2026,10:00 PM,"Paid in full
Do you have 6/18/2026 available for a welcome party at THOF. Event timing 8:00 PM - 10:00 PM.
","International Tennis Hall of Fame
194 Bellevue Ave, Newport, RI 02840, United States"
ARL Arlington Jazz Series-Dan Fox,7/26/2026,12:30 PM,7/26/2026,02:00 PM,"<p>Sunday, July 26 at the Arlington Visitor Center</p><p>4 Mystic Street, Arlington, 12:30 - 2:00 PM</p>","Arlington Visitor Center, 4 Mystic St, Arlington, MA 02474, USA"
Pending MG gig,10/20/2026,12:00 AM,10/21/2026,12:00 AM,,
Vibra @ LaFabrica,5/23/2026,07:00 PM,5/23/2026,11:00 PM,"Vibra Tropicale at: 

La Fabrica Central
450 Massachusetts Ave, Cambridge, MA 02139, USA

10pc band Salsa show featuring Rafa Moreno and Vibra Tropicale","La Fabrica Central Restaurant, 450 Massachusetts Ave, Cambridge, MA 02139, USA"
Mg gig,5/20/2026,05:00 PM,5/20/2026,08:00 PM,"Hey brother, would you wanna play a little jazz trio gig with me on May 20? Not a big deal at all, it's not much bread 5 PM to 8 PM framingHam 250 bucks. No pressure at all easy Gig to fill.",
New time State room 5 pc jazz-ish gig.  ,9/27/2026,06:30 PM,9/27/2026,10:30 PM,"Hey guys, this text is in reference to a gig we have on September 27. I sent out a calendar update but actually just save this a new text message in reference to what the setup requirement it is for this gig it just kind of a corporate jazzy soda gig so no big deal but it’s gonna be a fast room set up once we get in there but of course, getting into this place is always a drag

“BAND SET-UP: Mark Greel is to set his small, individual reception set-up prior to his cocktail hour performance and the remainder of the band will set-up during the 30 minute room flip (8:00-8:30pm). Load-in can happen earlier but the client & venue have specifically requested set-up during that window of time.

PARKING - please self park and email your receipt within 24 hours of the event to valerie@entertainmentspecialists.com to be reimbursed

Guest Arrival Time: 6:30pm - Guests will be welcomed with a drink in the Harborside and Cityside Rooms.
Presentations: 7:00-7:30pm
Cocktail Hour: 7:30-8:00pm - Mark Greel to perform solo guitar.
Presentations: 8:00-8:30pm
Reception: 8:30-9:30pm - Mark Greel 5pc band to perform.

Cocktail Hour Location: Mezzanine
Reception Location: Great Room
 ARK GREEL to perform solo Spanish guitar during Cocktail Hour; 7:30-8:15pm: solo guitar

8:15-9:45pm: Mark to join others for 5pc makeup","State Room
60 State St, Boston, MA  02109, United States"
"Jesus Pagan, New London, CT",7/5/2025,06:30 PM,7/5/2025,10:30 PM,July 5 @ Ocean Beach New London Ct.,"98 Neptune Ave, New London, CT 06320"
CAPE wedding,9/19/2026,06:00 PM,9/19/2026,10:00 PM,,
"rehearse w/ Jesus Pagan, Ludlow, MA",7/30/2025,07:00 PM,7/30/2025,11:00 PM,,
Luis Morales gig ,5/22/2026,08:00 PM,5/22/2026,11:00 PM,,"233 Easthampton Rd
Holyoke, MA, United States"
Javier @ LaFabrica,4/3/2026,08:00 PM,4/3/2026,11:00 PM,,
Six piece Dixieland Cavaliers,8/1/2025,06:00 PM,8/1/2025,10:00 PM,"Name: Jane Furr

Falmouth Mass at Highfield Hall 

6 pc.  

Email: janefurr1@gmail.com

Subject: An event
Highfield celebrates 
 Yeah, black pants, white shirt, bowtie, and some kind of a vest.","https://maps.apple.com/place?address=56%20Highfield%20Dr,%20Falmouth,%20MA%20%2002540,%20United%20States&coordinate=41.556967,-70.629021&name=Highfield%20Hall%20%26%20Gardens&place-id=I49F3CDFFC9DC93F8&map=explore"
"Gig party, Dan Fox Arlington",9/27/2025,04:30 PM,9/27/2025,06:00 PM,,"42 Standish Rd, Arlington, MA 02476, USA"
Worcester salsa gig Eduardo Ortiz,7/16/2026,02:00 PM,7/16/2026,03:00 PM,"Buenos Días! En la distancia desde RD. Estamos conectados aquí para hacer este picoteo! 
Será en la 1050 Main Street Worcester Housing Authority building. Debemos estar a la 1 pm para tocar de 2 A 3. 
1- El cuarto de Tula 
2- Moliendo Café 
3- Bachata Rosa
4- Burbujas de Amor 
5- Mandinga 
6- Como Fue
7- Bésame Mucho (salsa)
8- plena ?
9- Oye como Va 
10- La Rebelión. 
Cualquier sugerencia me la dejan saber!! 
Gracias!!","1050 Main Street, Worcester, MA"
"Jesus Pagan, Boston",8/14/2025,05:00 PM,8/14/2025,10:00 PM," and August 14 in Boston,
5pm sound check
7pm show",
Tescobar w/Javier Timbal,12/13/2025,07:30 PM,12/13/2025,11:30 PM,,
Vibra @ LaFabrica,8/23/2025,08:00 PM,8/23/2025,11:00 PM,"Vibra Tropicale at: 

La Fabrica Central
450 Massachusetts Ave, Cambridge, MA 02139, USA

10pc band Salsa show featuring Rafa Moreno and Vibra Tropicale",
SaborPicante rehearsal,8/5/2025,07:00 PM,8/5/2025,10:00 PM,,
Benito’s ,8/29/2025,05:30 PM,8/29/2025,08:30 PM,No Teri ,
Salsa gig Orquestra Sensacional,11/29/2025,09:00 PM,11/30/2025,12:00 AM,"Here's the flyer for this Saturday. 

Arrival time: 9pm - 9:30pm 
Food will be served, and you can mingle with everyone. We'll be playing from 10:30PM to 11:30PM. 

Attire: black button up shirt and black slacks. 

84 Eastern Ave Dedham MA

Happy Thanksgiving, everyone!",84 Eastern Ave Dedham MA
Tryst restaurant ,10/30/2025,06:00 PM,10/30/2025,09:00 PM,"Jazz and Latin duo Brad Smith, piano/bass and Dan Fox, drums/percussion",
Tryst restaurant ,12/11/2025,06:00 PM,12/11/2025,09:00 PM,"Jazz and Latin duo Brad Smith, piano/bass and Dan Fox, drums/percussion",
Tryst restaurant ,11/13/2025,06:00 PM,11/13/2025,09:00 PM,"<br><br>Jazz and Latin TRIO<br>Mark Greel, guitar, trumpet, flute, vocal<br>Brad Smith, piano/bass<br>Dan Fox, drums/percussion<br><br><ol><br></ol>","Tryst
689 Massachusetts Ave, Arlington, MA  02476, United States"
NEWP Calypso GIG,6/14/2026,11:30 AM,6/14/2026,03:30 PM,"Calypso and latin jazz quartet<br>The Lawn Terrace at Castle Hill Inn Newport, Rhode Island <br>11:30AM to 3:30PM<br><a href=""https://www.castlehillinn.com/dine/the-lawn-terrace/""><u>https://www.castlehillinn.com/dine/the-lawn-terrace/</u></a><br>Rick Andre, steel drums<br>Rick Costa, drums and percussion<br>Eduardo Ortiz, bass<br>Brad Smith, piano",
Trio house party ,9/5/2026,07:00 PM,9/5/2026,10:30 PM,,150 Milton Ave Hyde Park MA 02136
Martinis plymouth,2/17/2026,07:00 PM,2/17/2026,10:00 PM,,
"Studio record, mike demo",10/21/2025,11:00 AM,10/21/2025,03:00 PM,"Worcester area recording studio with Dan Fox


See you Tuesday 
 at 11

441 Marshall Street, Leicester MA 01524-1816

Be sure to put the zip in your gps so it does send you to same address next town over

It is a house set back from the road and the address is on a mailbox by the street. The sesión is in the separate structure at the end of the driveway 
Brad, unfortunately the Steinway there won’t be tuned so bring your same rig as at Tryst

Mark, pls bring the usual instruments and rig plus electric guitar since they want to capture that. There will be a couple amps to choose from. 

Dress like it’s a gig since they are  making a video too. 
I guess that’s about it? We can play a variety of stuff, really short versions, and take the lead from the CEO who might want recordings of some individual instruments","441 Marshall Street, Leicester MA 01524-1816"
CapeCod TRIO: Sunshine Soirée 2026 –,6/4/2026,06:00 PM,6/4/2026,10:00 PM,,Wychmere Beach Club in Harwich Port
MarkGreel TRIO: Wychmere Havana night ,7/24/2025,06:45 PM,7/24/2025,09:45 PM,"Good afternoon Mark. I hope you’re doing well. This is Orhan from Wychmere .. as you guess this time of year we start planning events and entertainments. 
We are planning to do another Havana night this year, and I was hoping if you can play as trio for this event ? As of now the event scheduled on Thursday, July 24th and we are thinking 8 PM to 11 PM. Please let me know if you’re available.
Thank you so much",
Vibra @ LaFabrica,9/20/2025,07:00 PM,9/20/2025,11:00 PM,"Vibra Tropicale at: 

La Fabrica Central
450 Massachusetts Ave, Cambridge, MA 02139, USA

10pc band Salsa show featuring Rafa Moreno and Vibra Tropicale","La Fabrica Central Restaurant, 450 Massachusetts Ave, Cambridge, MA 02139, USA"
Tryst restaurant ,8/28/2025,06:00 PM,8/28/2025,09:00 PM,"<br><br>Jazz and Latin TRIO<br>Mark Greel, guitar, trumpet, flute, vocal<br>Brad Smith, piano/bass<br>Dan Fox, drums/percussion<br><br><ol><br></ol>","Tryst
689 Massachusetts Ave, Arlington, MA  02476, United States"
NEWP MG trio,6/12/2026,08:00 PM,6/12/2026,10:00 PM,,
Newport w/Rick Andre,7/10/2026,07:30 PM,7/10/2026,11:00 PM,"From : Rick Costa

July 10-2026 Gig

Newport Beach House
3 Aquidneck Ave
Middletown- Rhode Island - 02848

Gig time: 7:30 - 11 pm
Pay $300 
Will be paid that evening 

Castle Hill inn Gig $ for July 4th and July 5th will be paid to you in person on night of July 10-2026",3 Aquidneck Ave Middletown- Rhode Island - 02848
Aquidneck club. RI,6/30/2026,05:00 PM,6/30/2026,08:00 PM,,
Home with Jud no gigs,8/29/2026,12:00 AM,8/30/2026,12:00 AM,,
Chatham duo gig,7/24/2026,06:30 PM,7/24/2026,09:30 PM,"B

4","26 Mousehole Ln
Chatham, MA, United States"
