DATE,FROM,TO,Subject
9/2/2026,04:30 PM,08:30 PM,LEOM Benito’s Grill
9/5/2026,02:00 PM,05:00 PM,N.AND small wedding
9/5/2026,07:00 PM,10:30 PM,Trio house party 
9/6/2026,05:00 PM,08:00 PM,TRIO Rick Costa Cape Cod
9/11/2026,12:00 AM,12:00 AM,"HOME w/Jud, no gigs"
9/14/2026,03:00 PM,04:00 PM,MARSH MG trio
9/18/2026,05:00 PM,09:00 PM,HING Trio corporate.  
9/19/2026,06:00 PM,10:00 PM,CAPE wedding
9/25/2026,06:30 PM,10:30 PM,CAMB Museum Of Science MG-band
9/26/2026,06:00 PM,09:30 PM,BOST House Of Blues
9/27/2026,06:30 PM,10:30 PM,New time State room 5 pc jazz-ish gig.  
10/2/2026,07:00 PM,10:00 PM,CAPE Welcome Party duo
10/3/2026,06:00 PM,07:00 PM,Pending MG gig
10/5/2026,07:00 PM,10:00 PM,Trio NEAQ
10/20/2026,12:00 AM,12:00 AM,Pending MG gig
10/21/2026,12:00 AM,12:00 AM,Pending MG gig
